104563821679980920055;People/aimar
112250948873427079229;People/Alexander
118200190069358168118;People/anders-stensby-widgren
115444185074756521744;People/andre-kvist-aronsen
102299215179477820184;People/andrea_a
108000345456224627567;People/andrea.c-1600x400-finished
111602935609490723324;People/andreas_v3
101727039651257102074;People/anita-kraft-sahlgaard
115528791614340430776;People/ann-kristin
113499447830470886657;People/Anne-1600x400-finished
112923836077612551561;People/annika-r-fjeldstad
108474309246889154433;People/annika-herold
117850496244255577782;People/are-bu-vindenes
110484653134831920865;People/arild-stromhylden
113666040433973935248;People/arve-larsen
113305315267914221368;People/arvid
110283354194753360303;People/ask-markestad
110216666145380183091;People/atle
114548837325543697472;People/benedicte-selmer
102520655160263119095;People/Birte
104415043711073717099;People/bjarne-veland-sletten
103047279406615053482;People/Bjørn_Asle-1600x400-finished_01
113519017696881757539;People/bjorn-nordgulen
116844060276579286090;People/borghild-vikoyr
102667602389455902180;People/bradley-1600x400-finished_01
102226193871963752547;People/bjorn-olav-semundseth
100165221016189794713;People/caroline-gannefors
113670193474689428355;People/christian-martinsen
112035403636698200581;People/Christian_S_V2-1600x400-finished_03
111430022301843293861;People/christina-k-seime
106816268874219529316;People/Daniel_T_A-1600x400-finished_03
116576814754283580581;people/Daniel-1600x400-finished_01
110569523301080829787;People/daniel_s-1600x400-finished_01
112810874755934761148;People/Diego-1600x400-finished_03
116296868861953666482;People/eirik-braend
115115004152530117633;People/elisabeth-1600x400-finished
111173445613137317420;People/erik
110905429259561655326;People/erik-maland
111426343065793343188;People/espen-wahlstrom
106907591395097523347;People/frank-1600x400-finished_01
117095821749257152266;People/frode
116305461615230341796;People/Geir_S-1600x400-finished_01
100405936138039411548;People/geir-wavik
109439582864516472190;People/Gerd-1600x400-finished_01
116045334430332932417;People/goran
116475072842416375632;People/hakan-silfvernagel
110570477241830637793;People/hans-petter-simonsen
112077931772755630034;People/harald-thune
111111451945268301126;People/hilda-beate-lygre
103665468272277272970;People/hilde-husevag
112853112600704637898;People/hildegunn_hagen
114445169749460014620;People/jan-helge
114505534586317500342;People/janpreben-1600x400-finished
117793902677525180980;People/jan-otto-johansen
110428142640334574764;People/jan-petter-skarbovik
105160685360145688391;People/Janne_R_H-1600x400-finished_02
108833207181091543437;People/jarle
104524617313158381205;People/jayne-burdeshaw
100550407620421280251;People/john-st-clair
105776167143739118268;People/jon-andreas-bygstad
110316373393861128429;People/jon-oluf-brodersen
106857526815230390743;People/jorgen-zachariassen-hosoy
113985995899755056555;People/jorgen
102216440472280333037;People/kamilla-emilie-davidsen
115613197167924801485;People/Kaare_L_v2-1600x400-finished_03
110111917488861615166;People/kate
113092440577621569793;People/kenneth-wang-pedersen
107757214026534132291;People/kim-haug
110812033407877207215;People/Kim_V
118337949408592273441;People/kjartan
107538194293003426718;People/kjetil-husebo
104691740299297695951;People/kjetil-kristiansen
115392742802083936867;People/krister
110733748673468205580;People/kristian
112090365834321820746;People/kristian-hellang
105566895153812029859;People/kristian-hi-1600x400-finished_01
106434432423146070621;People/lars-eirik-danielsen
110038469797757925073;People/lars-gunnar-lundestad
112040295845070867301;People/lars-vegard
105310251893094281240;People/lene-andrea-knutsen2
118171629954390669105;People/lisbeth
117660998331494861394;People/mads_tordal
104651743193710309977;People/magne-skutle
117511838288832497641;People/magnulf
117060323591323275769;People/marcel-krauss
116859482625962727226;People/marianne-johansen
111499500338499240387;People/Martin_T_-_1600x400-finished
113638865033540544185;People/Merete_ML_v2-1600x400-finished_03
116599133315666216846;People/monica-wenaas
113504975183507197858;People/morten-bekkevold
100635345741456606338;People/morten-holla
116488249598692696040;People/morten
116322024058980652327;People/Nick_M-1600x400-finished_02
112077001360509599023;People/Nils_B_S-1600x400-finished_03
114485016250597659390;People/nina-borslien
102139137973751785759;People/Nina_r
114162570056753932581;People/odd-narve
106690700424214309726;People/OlaO-1600x400-finished_01
116973175567526430876;People/olav
100964716430877576780;People/olav-nilsen
105726354959115485099;People/ove-andersen
103509926441010781604;People/oystein-vandvik
113361064873268020398;People/oyvind-knobloch-brathen
116110834713065576205;People/Øyvind_H-1600x400-finished_01
109677416159007726681;People/oyvind-kvangardsnes
109739394559490745670;People/par
101563828672102339308;People/petter-thorgersen
118276116531900339564;People/Richard
115892263385947843467;People/rikard-swahn
106189046455111340438;People/Roar_F-1600x400-finished_01
110514192294036639947;People/robert-1600x400-finished
107023247751671949906;People/rolf-knutsvik
118053312574267244356;People/Rune_F-1600x400-finished_02
109482731860884184818;People/rune_v2
111701199320071353797;People/salman-abbas
116035879323880228186;People/sergey-1600x400-finished_01
117034618951527867750;People/sigurd
103776955996789034696;People/steinar-dragsnes
102966170680819698675;People/Stian
105639806741198851355;People/stian-sivertsen
106294019360724771748;People/Stig-1600x400-finished_01
107615857191667678314;People/susanne-thornes
102643767147362691766;People/Thach-1600x400-finished_02
110667192914995268171;People/thomas-baerheim
117407786656909004630;People/Thomas_F
108910834375057810623;People/thomas-pedersen
112809753604864130524;People/thomas-thorbjornsen
117912766947538676845;People/thor
115016451421317101541;People/Thor_Halvor-1600x400-finished_03
114532384253754125018;People/thorfinn-sorensen
104838706090401904981;People/tom-georg-olsen
101060416629927759272;People/torry-tufteland
110314134485748259014;People/trond-roar-eide
110446762628806561328;People/trygve-skibeli
111206675518169937957;People/vagif-abilov
106696366552056014825;People/Vegard_d
106482171481927690208;People/vermund
104628740720233297872;People/viggo-navarsete
116663087909801533925;People/wenche-tollevsen
116612119282022628449;People/yngve
107917569491150567381;People/Yuriy
101535999967956538998;People/JørgenB-1600x400_01
109425335900533515478;People/stein
105481603890752382378;People/tor-erik
108784346533668277736;People/Ho-Hsing-1600x400-finished_01
118377148948684566715;People/Vidar
116685091624252246144;People/annelise-1600x400-finished
105181277902740459342;People/India/Percy
106761637041086101920;People/nils-jorgen
109437358468873868655;People/siri-pedersen
103054148492494278645;People/JanFrode-1600x400-finished_01
102710044322439026881;People/anne-elise
104436353457571006291;People/elin-ljones
102788019849240604477;People/kim-oftedal
101077536544840281481;People/lars-kristian-hagen
104029332266671093386;People/marius-selso-hakonsen
117972402229085918368;People/stig-rune-malterud
116962266855708452925;People/sveinung-dalatun
100324204588194994562;People/vidar-vevik
103755372482581193249;People/joseph-sterling-grah
